{
  "project_info": {
    "project_number": "823685212398",
    "project_id": "edutechassist-4bc70",
    "storage_bucket": "edutechassist-4bc70.appspot.com"
  },
  "client": [
    {
      "client_info": {
        "mobilesdk_app_id": "1:823685212398:android:b2ee8f238150bc8aa92bff",
        "android_client_info": {
          "package_name": "com.example.studentapp"
        }
      },
      "oauth_client": [],
      "api_key": [
        {
          "current_key": "AIzaSyAke95feXbhFaYFoWDenZuimJystfCKmDU"
        }
      ],
      "services": {
        "appinvite_service": {
          "other_platform_oauth_client": []
        }
      }
    }
  ],
  "configuration_version": "1"
}